From,To,Links
Hyderabad,Vijayawada,https://www.redbus.in/bus-tickets/hyderabad-to-vijayawada
Vijayawada,Hyderabad,https://www.redbus.in/bus-tickets/vijayawada-to-hyderabad
Hyderabad,Ongole,https://www.redbus.in/bus-tickets/hyderabad-to-ongole
Kakinada,Visakhapatnam,https://www.redbus.in/bus-tickets/kakinada-to-visakhapatnam
Bangalore,Tirupati,https://www.redbus.in/bus-tickets/bangalore-to-tirupathi
Bangalore,Kadapa,https://www.redbus.in/bus-tickets/bangalore-to-kadapa
Ongole,Hyderabad,https://www.redbus.in/bus-tickets/ongole-to-hyderabad
Kadapa,Bangalore,https://www.redbus.in/bus-tickets/kadapa-to-bangalore
Chittoor (Andhra Pradesh),Bangalore,https://www.redbus.in/bus-tickets/chittoor-andhra-pradesh-to-bangalore
Visakhapatnam,Kakinada,https://www.redbus.in/bus-tickets/visakhapatnam-to-kakinada
Bangalore,Anantapur (andhra pradesh),https://www.redbus.in/bus-tickets/bangalore-to-ananthapur
Bangalore,Chittoor (Andhra Pradesh),https://www.redbus.in/bus-tickets/bangalore-to-chittoor-andhra-pradesh
Anantapur (andhra pradesh),Bangalore,https://www.redbus.in/bus-tickets/ananthapur-to-bangalore
Hyderabad,Kurnool,https://www.redbus.in/bus-tickets/hyderabad-to-kurnool
Tirupati,Bangalore,https://www.redbus.in/bus-tickets/tirupathi-to-bangalore
Narasaraopet,Hyderabad,https://www.redbus.in/bus-tickets/narsaraopet-to-hyderabad
Vinukonda,Hyderabad,https://www.redbus.in/bus-tickets/vinukonda-to-hyderabad
Hyderabad,Vinukonda,https://www.redbus.in/bus-tickets/hyderabad-to-vinukonda
Visakhapatnam,Vijayawada,https://www.redbus.in/bus-tickets/visakhapatnam-to-vijayawada
Bangalore,Rayachoti,https://www.redbus.in/bus-tickets/bangalore-to-rayachoti
Hyderabad,Guntur (Andhra Pradesh),https://www.redbus.in/bus-tickets/hyderabad-to-guntur
Guntur (Andhra Pradesh),Hyderabad,https://www.redbus.in/bus-tickets/guntur-to-hyderabad
Hyderabad,Eluru,https://www.redbus.in/bus-tickets/hyderabad-to-eluru
Eluru,Hyderabad,https://www.redbus.in/bus-tickets/eluru-to-hyderabad
Bangalore,Kadiri,https://www.redbus.in/bus-tickets/bangalore-to-kadiri
Madanapalli,Bangalore,https://www.redbus.in/bus-tickets/madanapalli-to-bangalore
Bangalore,Madanapalli,https://www.redbus.in/bus-tickets/bangalore-to-madanapalli
Macherla (andhra pradesh),Hyderabad,https://www.redbus.in/bus-tickets/macherla-to-hyderabad
Rajahmundry,Visakhapatnam,https://www.redbus.in/bus-tickets/rajahmundry-to-visakhapatnam
Nandyal,Hyderabad,https://www.redbus.in/bus-tickets/nandyala-to-hyderabad
Rayachoti,Bangalore,https://www.redbus.in/bus-tickets/rayachoti-to-bangalore
Kurnool,Hyderabad,https://www.redbus.in/bus-tickets/kurnool-to-hyderabad
Kadiri,Bangalore,https://www.redbus.in/bus-tickets/kadiri-to-bangalore
Visakhapatnam,Rajahmundry,https://www.redbus.in/bus-tickets/visakhapatnam-to-rajahmundry
Hyderabad,Addanki,https://www.redbus.in/bus-tickets/hyderabad-to-addanki
Hyderabad,Anantapur (andhra pradesh),https://www.redbus.in/bus-tickets/hyderabad-to-ananthapur
Hyderabad,Markapuram,https://www.redbus.in/bus-tickets/hyderabad-to-markapuram
Rajahmundry,Vijayawada,https://www.redbus.in/bus-tickets/rajahmundry-to-vijayawada
Tirupati,Chennai,https://www.redbus.in/bus-tickets/tirupathi-to-chennai
Vijayawada,Visakhapatnam,https://www.redbus.in/bus-tickets/vijayawada-to-visakhapatnam
Hyderabad,Macherla (andhra pradesh),https://www.redbus.in/bus-tickets/hyderabad-to-macherla
Hyderabad,Rajahmundry,https://www.redbus.in/bus-tickets/hyderabad-to-rajahmundry
Chilakaluripet,Hyderabad,https://www.redbus.in/bus-tickets/chilakaluripet-to-hyderabad
Rajahmundry,Hyderabad,https://www.redbus.in/bus-tickets/rajahmundry-to-hyderabad
Kurnool,Bangalore,https://www.redbus.in/bus-tickets/kurnool-to-bangalore
Hyderabad,Nandyal,https://www.redbus.in/bus-tickets/hyderabad-to-nandyala
